"Name","Team","W","L","SV","G","GS","IP","K/9","BB/9","HR/9","BABIP","LOB%","GB%","HR/FB","ERA","FIP","xFIP","WAR","playerid"
"Jacob deGrom","Mets","10","9","0","32","32","217.0","11.16","1.91","0.41",".281","82.0 %","46.4 %","6.3 %","1.70","1.99","2.60","9.0","10954"
"Max Scherzer","Nationals","18","7","0","33","33","220.2","12.24","2.08","0.94",".265","81.3 %","34.3 %","9.7 %","2.53","2.65","3.06","7.4","3137"
"Justin Verlander","Astros","16","9","0","34","34","214.0","12.20","1.56","1.18",".272","85.3 %","29.1 %","11.1 %","2.52","2.78","3.03","6.7","8700"
"Chris Sale","Red Sox","12","4","0","27","27","158.0","13.50","1.94","0.63",".283","82.5 %","44.2 %","9.3 %","2.11","1.98","2.31","6.2","10603"
"Gerrit Cole","Astros","15","5","0","32","32","200.1","12.40","2.88","0.85",".286","77.9 %","36.0 %","10.0 %","2.88","2.70","3.04","6.0","13125"
"Patrick Corbin","Nationals","11","7","0","33","33","200.0","11.07","2.16","0.68",".302","74.7 %","48.5 %","11.1 %","3.15","2.47","2.61","5.9","9323"
"Trevor Bauer","Indians","12","6","1","28","27","175.1","11.34","2.93","0.46",".297","79.5 %","44.5 %","6.2 %","2.21","2.44","3.14","5.8","12703"
"Luis Severino","Yankees","19","8","0","32","32","191.1","10.35","2.16","0.89",".314","75.0 %","41.1 %","11.4 %","3.39","2.95","3.10","5.5","15890"
"Corey Kluber","Indians","20","7","0","33","33","215.0","9.29","1.42","1.05",".276","77.9 %","44.4 %","13.1 %","2.89","3.12","3.08","5.5","2429"
"Aaron Nola","Phillies","17","6","0","33","33","212.1","9.49","2.46","0.72",".251","82.5 %","50.6 %","10.6 %","2.37","3.01","3.21","5.4","16149"
"Carlos Carrasco","Indians","17","10","0","32","30","192.0","10.83","2.02","0.98",".315","74.8 %","46.8 %","13.1 %","3.38","2.94","2.90","5.2","6632"
"Blake Snell","Rays","21","5","0","31","31","180.2","11.01","3.19","0.80",".241","88.0 %","44.7 %","10.7 %","1.89","2.95","3.16","4.8","13543"
"Miles Mikolas","Cardinals","18","4","0","32","32","200.2","6.55","1.30","0.72",".279","76.2 %","49.3 %","9.2 %","2.83","3.28","3.67","4.3","9803"
"Zack Wheeler","Mets","12","7","0","29","29","182.1","8.84","2.71","0.69",".279","74.6 %","44.2 %","8.1 %","3.31","3.25","3.81","4.2","10310"
"Mike Clevinger","Indians","13","8","0","32","32","200.0","9.32","3.02","0.95",".280","79.8 %","40.5 %","10.2 %","3.02","3.52","3.86","4.2","12808"
"German Marquez","Rockies","14","11","0","33","33","196.0","10.56","2.62","1.10",".311","73.2 %","47.3 %","15.7 %","3.77","3.40","3.10","4.2","15038"
"Kyle Freeland","Rockies","17","7","0","33","33","202.1","7.70","3.11","0.76",".285","82.8 %","46.0 %","8.5 %","2.85","3.67","4.22","4.2","16256"
"Noah Syndergaard","Mets","13","4","0","25","25","154.1","9.04","2.27","0.52",".320","76.6 %","49.0 %","7.8 %","3.03","2.80","3.29","4.2","11762"
"Jameson Taillon","Pirates","14","10","0","32","32","191.0","8.43","2.17","0.94",".298","79.8 %","46.2 %","11.7 %","3.20","3.46","3.58","3.8","11674"
"Mike Foltynewicz","Braves","13","10","0","31","31","183.0","9.93","3.34","0.84",".251","77.1 %","43.1 %","9.6 %","2.85","3.37","3.77","3.8","10811"
"James Paxton","Yankees","11","6","0","28","28","160.1","11.68","2.36","1.29",".299","76.0 %","39.6 %","14.4 %","3.76","3.24","3.02","3.7","11828"
"Blake Treinen","Athletics","9","2","38","68","0","80.1","11.20","2.35","0.22",".230","85.9 %","51.9 %","4.4 %","0.78","1.82","2.42","3.6","12572"
"Kyle Hendricks","Cubs","14","11","0","33","33","199.0","7.28","1.99","0.99",".281","75.2 %","47.0 %","12.0 %","3.44","3.78","3.87","3.5","12049"
"Edwin Diaz","Mets","0","4","57","73","0","73.1","15.22","2.09","0.61",".281","82.5 %","44.4 %","10.6 %","1.96","1.61","1.78","3.5","14710"
"Marco Gonzales","Mariners","13","9","0","29","29","166.2","7.83","1.73","0.92",".319","72.0 %","44.9 %","11.3 %","4.00","3.43","3.59","3.5","15467"
"Clayton Kershaw","Dodgers","9","5","0","26","26","161.1","8.65","1.62","0.95",".273","78.7 %","47.9 %","12.7 %","2.73","3.19","3.19","3.3","2036"
"Jose Berrios","Twins","12","11","0","32","32","192.1","9.45","2.85","1.17",".270","75.8 %","41.5 %","12.8 %","3.84","3.90","3.89","3.3","14168"
"Walker Buehler","Dodgers","8","5","0","24","23","137.1","9.90","2.42","0.79",".248","78.4 %","50.0 %","11.0 %","2.62","3.04","3.21","3.1","19374"
"J.A. Happ","Yankees","17","6","0","31","31","177.2","9.78","2.58","1.37",".272","74.9 %","40.1 %","13.4 %","3.65","3.98","3.88","3.0","7410"
"Zack Greinke","Diamondbacks","15","11","0","33","33","207.2","8.62","1.86","1.21",".272","80.2 %","45.1 %","15.0 %","3.21","3.71","3.44","2.9","1943"
"Charlie Morton","Rays","15","3","0","30","30","167.0","10.83","3.45","0.97",".283","79.6 %","47.4 %","14.5 %","3.13","3.59","3.42","2.9","4676"
"Lance Lynn","Rangers","10","10","0","31","29","156.2","9.25","4.37","0.80",".336","70.1 %","49.7 %","11.3 %","4.77","3.84","3.98","2.9","2520"
"Nick Pivetta","Phillies","7","14","0","33","32","164.0","10.32","2.80","1.32",".326","69.0 %","46.7 %","15.8 %","4.77","3.80","3.42","2.8","15454"
"Kyle Gibson","Twins","10","13","0","32","32","196.2","8.19","3.62","1.05",".285","75.5 %","49.8 %","14.8 %","3.62","4.13","3.91","2.8","10123"
"Andrew Heaney","Angels","9","10","0","30","30","180.0","9.00","2.25","1.35",".294","71.4 %","41.2 %","15.2 %","4.15","3.99","3.68","2.7","15423"
"Jake Odorizzi","Twins","7","10","0","32","32","164.1","8.87","3.83","1.10",".290","69.7 %","28.4 %","8.9 %","4.49","4.20","4.87","2.7","6397"
"Trevor Williams","Pirates","14","10","0","31","31","170.2","6.64","2.90","0.79",".261","76.6 %","40.8 %","8.0 %","3.11","3.86","4.54","2.7","16977"
"Shane Bieber","Indians","11","5","0","20","19","114.2","9.26","1.81","1.02",".356","69.4 %","46.6 %","12.1 %","4.55","3.23","3.30","2.7","19427"
"Josh Hader","Brewers","6","1","12","55","0","81.1","15.82","3.32","1.00",".220","80.9 %","28.9 %","14.5 %","2.43","2.23","2.05","2.7","14212"
"Jose Leclerc","Rangers","2","3","12","59","0","57.2","13.27","3.90","0.16",".211","71.2 %","32.1 %","2.0 %","1.56","1.90","3.10","2.6","14524"
"Vince Velasquez","Phillies","9","12","0","31","30","146.2","9.88","3.62","0.98",".316","66.8 %","37.7 %","10.1 %","4.85","3.75","4.12","2.6","11189"
"Brad Keller","Royals","9","6","0","41","20","140.1","6.16","3.21","0.45",".294","77.1 %","54.4 %","6.1 %","3.08","3.55","4.26","2.6","15734"
"Chris Archer","Pirates","6","8","0","27","27","148.1","9.83","2.97","1.15",".338","72.5 %","44.6 %","14.1 %","4.31","3.75","3.59","2.6","6345"
"Masahiro Tanaka","Yankees","12","6","0","27","27","156.0","9.17","2.02","1.44",".284","77.7 %","47.2 %","17.7 %","3.75","4.01","3.42","2.6","15764"
"Jon Gray","Rockies","12","9","0","31","31","172.1","9.56","2.72","1.41",".322","67.9 %","47.5 %","18.1 %","5.12","4.08","3.47","2.5","14916"
"Mike Minor","Rangers","12","8","0","28","28","157.0","7.57","2.18","1.43",".259","72.5 %","34.4 %","12.1 %","4.18","4.43","4.53","2.5","10021"
"Lance McCullers Jr.","Astros","10","6","0","25","22","128.1","9.96","3.51","0.84",".278","69.2 %","54.9 %","13.5 %","3.86","3.50","3.43","2.5","14120"
"Anibal Sanchez","Nationals","7","6","0","25","24","136.2","8.89","2.77","0.99",".255","79.4 %","45.0 %","11.2 %","2.83","3.62","3.81","2.5","3284"
"Zack Godley","Diamondbacks","15","11","0","33","32","178.1","9.34","4.09","0.81",".324","67.5 %","48.8 %","11.3 %","4.74","3.82","3.96","2.5","14862"
"Kenta Maeda","Dodgers","8","10","2","39","20","125.1","10.99","3.09","0.93",".321","72.5 %","40.2 %","11.4 %","3.81","3.22","3.37","2.4","18498"
"Jhoulys Chacin","Brewers","15","8","0","35","35","192.2","7.29","3.32","0.84",".250","72.5 %","42.2 %","9.3 %","3.50","4.03","4.47","2.4","2608"
"David Price","Red Sox","16","7","0","30","30","176.0","9.05","2.56","1.28",".274","77.3 %","40.1 %","13.2 %","3.58","4.02","3.95","2.4","3184"
"Rick Porcello","Red Sox","17","7","0","33","33","191.1","8.94","2.26","1.27",".285","70.9 %","44.1 %","13.8 %","4.28","4.01","3.87","2.4","2717"
"CC Sabathia","Yankees","9","7","0","29","29","153.0","8.24","3.00","1.12",".295","75.5 %","44.4 %","11.7 %","3.65","4.16","4.30","2.4","404"
"Jack Flaherty","Cardinals","8","9","0","28","28","151.0","10.85","3.52","1.19",".257","79.3 %","42.1 %","15.2 %","3.34","3.86","3.58","2.4","17479"
"Alex Wood","Reds","9","7","0","33","27","151.2","8.01","2.37","0.83",".293","70.6 %","48.9 %","10.9 %","3.68","3.53","3.72","2.3","13781"
"Stephen Strasburg","Nationals","10","7","0","22","22","130.0","10.80","2.63","1.25",".309","75.7 %","43.6 %","15.7 %","3.74","3.62","3.28","2.3","10131"
"Tyler Skaggs","Angels","8","10","0","24","24","125.1","9.26","2.87","1.01",".328","73.5 %","44.2 %","11.5 %","4.02","3.63","3.79","2.3","10190"
"Kevin Gausman","Braves","10","11","0","31","31","183.2","7.25","2.45","1.27",".299","76.8 %","46.0 %","13.7 %","3.92","4.32","4.19","2.3","14107"
"Mike Leake","Mariners","10","10","0","31","31","185.2","5.77","1.65","1.11",".306","69.4 %","48.7 %","12.6 %","4.36","4.14","4.15","2.3","10130"
"Craig Stammen","Padres","8","3","0","73","0","79.0","10.03","1.94","0.34",".301","74.3 %","49.3 %","4.9 %","2.73","2.19","2.97","2.2","7274"
"Cole Hamels","Cubs","9","12","0","32","32","190.2","8.87","3.07","1.37",".291","76.1 %","45.0 %","17.5 %","3.78","4.49","3.95","2.2","4972"
"Derek Holland","Giants","7","9","0","36","30","171.1","8.88","3.52","1.00",".288","76.1 %","39.8 %","11.2 %","3.57","3.87","4.07","2.2","4141"
"Reynaldo Lopez","White Sox","7","10","0","32","32","188.2","7.20","3.58","1.19",".260","75.4 %","33.0 %","9.5 %","3.91","4.63","5.22","2.2","16400"
"Joe Musgrove","Pirates","6","9","0","19","19","115.1","7.80","1.79","0.94",".294","69.2 %","45.5 %","10.2 %","4.06","3.59","3.92","2.2","12970"
"Zach Eflin","Phillies","11","8","0","24","24","128.0","8.65","2.60","1.13",".309","68.4 %","41.2 %","11.2 %","4.36","3.80","4.02","2.2","13774"
"Nathan Eovaldi","Red Sox","6","7","0","22","21","111.0","8.19","1.62","1.14",".287","67.3 %","45.6 %","12.2 %","3.81","3.60","3.67","2.2","9132"
"Carlos Martinez","Cardinals","8","6","5","33","18","118.2","8.87","4.55","0.38",".290","75.0 %","49.1 %","4.9 %","3.11","3.53","4.42","2.2","11682"
"Luis Castillo","Reds","10","12","0","31","31","169.2","8.75","2.60","1.49",".282","71.2 %","45.9 %","17.9 %","4.30","4.32","3.69","2.1","15689"
"Matthew Boyd","Tigers","9","13","0","31","31","170.1","8.40","2.69","1.43",".258","71.1 %","29.0 %","11.2 %","4.39","4.45","4.72","2.1","15440"
"Ross Stripling","Dodgers","8","6","0","33","21","122.0","10.03","1.62","1.33",".322","86.1 %","45.4 %","16.4 %","3.02","3.42","2.99","2.1","13273"
"Felipe Vazquez","Pirates","4","2","37","70","0","70.0","11.44","3.09","0.51",".331","77.7 %","42.8 %","6.9 %","2.70","2.43","3.06","2.1","12076"
"Jose Alvarado","Rays","1","6","8","70","0","64.0","11.25","4.08","0.14",".270","72.2 %","55.0 %","2.4 %","2.39","2.27","3.15","2.1","17780"
"Eduardo Rodriguez","Red Sox","13","5","0","27","23","129.2","10.13","3.12","1.11",".301","76.9 %","38.7 %","11.0 %","3.82","3.65","3.90","2.1","13164"
"Trevor Cahill","Angels","7","4","0","21","20","110.0","8.18","3.35","0.65",".277","67.3 %","53.4 %","10.0 %","3.76","3.54","3.80","2.0","6249"
"Tanner Roark","Reds","9","15","0","31","30","180.1","7.29","2.50","1.20",".296","72.8 %","40.7 %","11.7 %","4.34","4.27","4.42","2.0","8753"
"Will Smith","Giants","2","3","14","54","0","53.0","12.06","2.55","0.51",".281","71.1 %","41.7 %","6.5 %","2.55","2.07","2.76","2.0","8048"
"Tyler Anderson","Rockies","7","9","0","32","32","176.0","8.39","3.02","1.53",".281","71.9 %","36.7 %","15.2 %","4.55","4.57","4.21","1.9","12880"
"Jon Lester","Cubs","18","6","0","32","32","181.2","7.38","3.17","1.19",".290","80.3 %","37.7 %","12.4 %","3.32","4.39","4.43","1.9","4930"
"Adam Ottavino","Yankees","6","4","6","75","0","77.2","12.98","4.17","0.58",".240","76.3 %","43.0 %","8.6 %","2.43","2.74","3.13","1.9","1247"
"Hyun-Jin Ryu","Dodgers","7","3","0","15","15","82.1","9.73","1.64","0.98",".281","85.4 %","45.8 %","11.8 %","1.97","3.00","3.11","1.9","14444"
"Jake Arrieta","Phillies","10","11","0","31","31","172.2","7.19","2.97","1.09",".287","68.1 %","51.6 %","14.3 %","3.96","4.26","4.08","1.9","4153"
"Sean Newcomb","Braves","12","9","0","31","30","164.0","8.78","4.45","0.99",".273","74.8 %","43.4 %","11.2 %","3.90","4.14","4.33","1.9","16943"
"Taylor Rogers","Twins","1","2","2","72","0","68.1","9.88","2.11","0.40",".280","74.8 %","44.5 %","6.1 %","2.63","2.33","2.94","1.9","13449"
"Joakim Soria","Athletics","3","4","16","66","0","60.2","11.13","2.37","0.59",".310","71.9 %","35.7 %","6.2 %","3.12","2.44","3.35","1.9","6941"
"Sean Manaea","Athletics","12","9","0","27","27","160.2","6.05","1.79","1.18",".247","75.2 %","44.0 %","12.3 %","3.59","4.26","4.32","1.9","15873"
"Jeurys Familia","Mets","8","6","18","70","0","72.0","10.38","3.50","0.38",".306","74.6 %","46.3 %","4.8 %","3.13","2.65","3.53","1.9","5114"
"Aroldis Chapman","Yankees","3","0","32","55","0","51.1","16.31","5.26","0.35",".268","78.3 %","44.0 %","6.5 %","2.45","2.09","2.58","1.9","10233"
"Ryan Pressly","Astros","2","1","2","77","0","71.0","12.80","2.79","0.76",".319","82.9 %","51.5 %","11.5 %","2.54","2.47","2.58","1.8","7005"
"Mychal Givens","Orioles","0","7","9","69","0","76.2","9.27","3.52","0.47",".284","64.5 %","36.5 %","5.0 %","3.99","3.07","4.11","1.8","10430"
"Dereck Rodriguez","Giants","6","4","0","21","19","118.1","6.77","2.74","0.68",".257","76.3 %","39.5 %","6.9 %","2.81","3.74","4.56","1.8","14509"
"Tony Watson","Giants","4","6","0","72","0","66.0","9.82","1.91","0.55",".294","78.9 %","43.2 %","7.0 %","2.59","2.45","3.09","1.8","3132"
"Kirby Yates","Padres","5","3","12","65","0","63.0","12.86","2.43","0.86",".263","87.7 %","42.8 %","11.8 %","2.14","2.54","2.64","1.8","9073"
"Jeremy Jeffress","Brewers","8","1","15","73","0","76.2","10.45","3.17","0.59",".249","92.9 %","56.4 %","11.6 %","1.29","2.78","2.86","1.8","9490"
"Clay Buchholz","Blue Jays","7","2","0","16","16","98.1","7.41","2.01","0.82",".255","86.6 %","42.6 %","8.7 %","2.01","3.47","4.01","1.7","3543"
"Dellin Betances","Yankees","4","6","4","66","0","66.2","15.53","3.51","0.95",".311","81.3 %","43.9 %","20.6 %","2.70","2.47","1.95","1.7","6216"
"Chad Green","Yankees","8","3","0","63","0","75.2","11.18","1.78","1.07",".307","86.1 %","31.4 %","10.5 %","2.50","2.86","3.19","1.7","15552"
"Jose Urena","Marlins","9","12","0","31","31","174.0","6.72","2.64","0.98",".272","73.2 %","49.6 %","11.5 %","3.98","4.17","4.32","1.7","11589"
"Rich Hill","Dodgers","11","5","0","25","24","132.2","10.18","2.78","1.36",".268","77.5 %","38.9 %","14.7 %","3.66","3.97","3.70","1.7","4806"
"Robbie Erlin","Padres","4","7","0","39","12","109.0","7.27","0.99","0.99",".306","62.5 %","46.7 %","11.9 %","4.21","3.31","3.41","1.6","10354"
"Jose Quintana","Cubs","13","11","0","32","32","174.1","8.16","3.51","1.29",".282","76.8 %","43.2 %","14.7 %","4.03","4.43","4.18","1.6","11423"
"Ryan Borucki","Blue Jays","4","6","0","17","17","97.2","6.17","3.04","0.65",".291","68.5 %","46.8 %","6.7 %","3.87","3.80","4.62","1.6","16350"
"Matt Harvey","Angels","7","9","0","32","28","155.0","7.61","2.15","1.57",".299","71.1 %","42.3 %","15.1 %","4.94","4.57","4.21","1.6","11713"
"Sonny Gray","Reds","11","9","0","30","23","130.1","8.49","3.94","0.97",".326","70.9 %","50.0 %","13.3 %","4.90","4.17","4.10","1.6","12768"
"Junior Guerra","Brewers","6","9","0","31","26","141.0","8.68","3.51","1.21",".312","73.0 %","43.1 %","12.8 %","4.09","4.24","4.23","1.6","5702"
"Wade LeBlanc","Mariners","9","5","0","32","27","162.0","7.22","2.22","1.33",".273","74.8 %","36.6 %","11.5 %","3.72","4.28","4.47","1.6","5221"
"Seth Lugo","Mets","3","4","3","54","5","101.1","9.15","2.49","0.80",".269","76.2 %","46.5 %","10.0 %","2.66","3.17","3.48","1.6","12447"
"Mike Montgomery","Cubs","5","6","0","38","19","124.0","6.24","2.83","0.73",".309","73.0 %","51.5 %","9.5 %","3.99","3.94","4.29","1.5","4869"
"David Robertson","Phillies","8","3","5","69","0","69.2","11.76","3.36","0.90",".245","67.5 %","45.3 %","11.7 %","3.23","2.97","3.09","1.5","8241"
"Keone Kela","Pirates","3","4","24","54","0","52.0","11.42","3.29","0.87",".270","76.0 %","37.3 %","10.0 %","3.29","2.97","3.31","1.4","14696"
"Alex Cobb","Orioles","5","15","0","28","28","152.1","6.03","2.54","1.42",".303","68.0 %","49.5 %","15.1 %","4.90","4.80","4.47","1.4","6562"
"Mike Fiers","Athletics","12","8","0","31","30","172.0","7.27","1.94","1.67",".269","84.2 %","39.4 %","14.1 %","3.56","4.75","4.51","1.4","7754"
"Jakob Junis","Royals","9","12","0","30","30","177.0","8.34","2.19","1.63",".298","74.8 %","42.0 %","16.2 %","4.37","4.64","4.13","1.4","13619"
"Michael Fulmer","Tigers","3","12","0","24","24","132.1","7.48","3.13","1.29",".288","68.2 %","44.2 %","14.5 %","4.69","4.52","4.29","1.4","13218"
"Madison Bumgarner","Giants","6","7","0","21","21","129.2","7.57","2.98","0.97",".274","78.6 %","42.7 %","10.3 %","3.26","3.99","4.32","1.4","5524"
"Joe Jimenez","Tigers","5","4","3","68","0","62.2","11.20","3.16","0.72",".302","62.0 %","35.6 %","6.8 %","4.31","2.91","3.82","1.4","15761"
"Wade Miley","Astros","5","2","0","16","16","80.2","5.58","3.01","0.33",".269","75.9 %","52.8 %","5.2 %","2.57","3.59","4.30","1.4","8779"
"A.J. Minter","Braves","4","3","15","65","0","61.1","10.13","3.23","0.44",".329","75.5 %","37.4 %","5.3 %","3.23","2.72","3.62","1.4","18655"
"Collin McHugh","Astros","6","2","0","58","0","72.1","11.70","2.61","0.75",".248","84.7 %","34.6 %","8.5 %","1.99","2.72","3.26","1.4","7531"
"Luke Weaver","Diamondbacks","7","11","0","30","25","136.1","7.99","3.56","1.25",".318","68.7 %","42.4 %","12.7 %","4.95","4.45","4.46","1.4","16918"
"Marcus Stroman","Blue Jays","4","9","0","19","19","102.1","6.77","3.17","0.79",".326","60.5 %","62.1 %","13.6 %","5.54","3.91","3.84","1.4","13431"
"Felix Pena","Angels","3","5","0","19","17","92.2","8.26","2.72","1.17",".288","72.4 %","42.6 %","13.3 %","4.18","4.05","3.97","1.4","13403"
"Jesse Chavez","Rangers","5","2","5","62","0","95.1","8.69","1.60","1.23",".278","88.2 %","44.2 %","13.7 %","2.55","3.54","3.41","1.3","5448"
"Trevor Richards","Marlins","4","9","0","25","25","126.1","9.26","3.85","1.07",".309","72.3 %","35.8 %","10.9 %","4.42","4.05","4.30","1.3","19309"
"Richard Rodriguez","Pirates","4","3","0","63","0","69.1","11.42","2.47","0.65",".309","83.3 %","37.5 %","6.6 %","2.47","2.60","3.47","1.3","13549"
"Jaime Barria","Angels","10","9","0","26","26","129.1","6.82","3.27","1.18",".271","82.1 %","37.1 %","10.2 %","3.41","4.58","4.99","1.3","18356"
"Jace Fry","White Sox","2","3","4","59","1","51.1","12.27","3.51","0.70",".277","57.3 %","45.4 %","10.0 %","4.38","2.67","2.95","1.3","16159"
"Hector Rondon","Astros","2","5","15","63","0","59.0","10.22","3.05","0.61",".340","77.4 %","45.7 %","7.5 %","3.20","2.79","3.39","1.3","2391"
"Scott Oberg","Rockies","8","1","0","56","0","58.2","8.74","1.84","0.61",".270","79.0 %","56.1 %","13.3 %","2.45","2.87","2.83","1.3","13911"
"Blaine Hardy","Tigers","4","5","1","30","13","86.0","6.91","2.30","1.05",".275","74.2 %","42.0 %","9.3 %","3.56","3.98","4.52","1.3","6499"
"Seranthony Dominguez","Phillies","2","5","16","53","0","58.0","11.48","3.41","0.62",".220","74.4 %","55.7 %","10.5 %","2.95","2.85","3.04","1.3","19249"
"Jonathan Holder","Yankees","1","3","0","60","1","66.0","8.18","2.59","0.55",".261","68.3 %","29.3 %","4.2 %","3.14","3.04","4.63","1.3","16588"
"Jared Hughes","Reds","4","3","7","72","0","78.2","6.75","2.63","0.46",".252","85.1 %","65.4 %","10.8 %","1.94","3.28","3.39","1.3","9325"
"Jeremy Hellickson","Nationals","5","3","0","19","19","91.1","6.41","1.97","1.08",".252","71.7 %","45.9 %","12.4 %","3.45","4.22","4.27","1.2","4371"
"Yonny Chirinos","Rays","5","5","0","18","7","89.2","7.53","2.51","0.70",".298","71.0 %","43.7 %","8.3 %","3.51","3.51","4.04","1.2","16401"
"Danny Duffy","Royals","8","12","0","28","28","155.0","8.19","4.06","1.34",".304","73.5 %","35.4 %","11.4 %","4.88","4.70","4.92","1.2","3542"
"Matt Barnes","Red Sox","6","4","0","62","0","61.2","14.01","4.52","0.73",".321","75.3 %","53.0 %","11.4 %","3.65","2.71","2.83","1.2","12863"
"Caleb Smith","Marlins","5","6","0","16","16","77.1","10.24","3.84","1.16",".276","74.1 %","28.4 %","10.0 %","4.19","3.96","4.42","1.2","14875"
"Freddy Peralta","Brewers","6","4","0","16","14","78.1","11.03","4.60","0.92",".237","68.5 %","30.5 %","8.7 %","4.25","3.72","4.33","1.2","18679"
"Ryne Stanek","Rays","2","3","0","59","29","66.1","10.99","3.66","1.09",".253","80.9 %","32.7 %","10.0 %","2.98","3.55","3.98","1.2","15947"
"Ivan Nova","White Sox","9","9","0","29","29","161.0","6.37","1.96","1.45",".288","73.7 %","45.6 %","14.8 %","4.19","4.57","4.28","1.2","1994"
"Brad Hand","Indians","2","5","32","69","0","72.0","13.25","3.50","1.00",".293","78.4 %","45.2 %","15.1 %","2.75","3.20","2.97","1.2","9111"
"Dylan Covey","White Sox","5","14","0","27","21","121.2","6.73","3.85","0.96",".302","61.9 %","55.1 %","13.4 %","5.18","4.39","4.31","1.2","14825"
"Jose Alvarez","Phillies","6","4","1","76","0","63.0","8.43","3.14","0.43",".274","77.7 %","45.0 %","5.1 %","2.71","3.05","3.98","1.2","5358"
"John Gant","Cardinals","7","6","0","26","19","114.0","7.50","4.50","0.71",".253","69.9 %","45.1 %","8.1 %","3.47","4.07","4.66","1.2","13684"
"Carl Edwards Jr.","Cubs","3","2","0","58","0","52.0","11.60","5.54","0.35",".281","78.2 %","28.9 %","3.8 %","2.60","2.93","4.11","1.2","13607"
"Antonio Senzatela","Rockies","6","6","0","23","13","90.1","6.87","2.99","1.00",".302","72.6 %","46.3 %","10.8 %","4.38","4.17","4.43","1.2","15488"
"Will Harris","Astros","5","3","0","61","0","56.2","10.16","2.22","0.48",".306","70.2 %","49.7 %","8.6 %","3.49","2.44","2.77","1.1","3192"
"Wei-Yin Chen","Marlins","6","12","0","26","26","133.1","7.49","3.17","1.28",".284","68.2 %","37.0 %","10.9 %","4.79","4.43","4.73","1.1","13071"
"Diego Castillo","Rays","4","2","0","43","11","56.2","10.32","2.86","0.95",".229","73.5 %","45.3 %","12.0 %","3.18","3.30","3.38","1.1","17496"
"Seung Hwan Oh","Rockies","6","3","3","73","0","68.1","10.40","2.24","1.05",".265","84.1 %","30.1 %","9.2 %","2.63","3.29","3.87","1.1","18719"
"David Hernandez","Reds","5","2","0","57","0","64.0","9.14","2.39","0.84",".248","80.5 %","32.9 %","7.9 %","2.53","3.38","4.12","1.1","4259"
"Reyes Moronta","Giants","5","2","1","69","0","65.0","10.94","5.12","0.55",".211","78.0 %","42.1 %","6.6 %","2.49","3.24","3.99","1.1","14966"
"Ian Kennedy","Royals","3","9","0","22","22","119.2","7.90","3.01","1.50",".298","72.5 %","29.9 %","12.5 %","4.66","4.61","4.64","1.0","6986"
"Andrew Suarez","Giants","7","13","0","29","29","160.1","7.30","2.53","1.29",".302","70.5 %","51.3 %","17.8 %","4.49","4.30","3.77","1.0","18300"
"Tyson Ross","Tigers","8","9","0","31","23","149.2","7.34","3.73","1.02",".270","72.2 %","45.9 %","14.0 %","4.15","4.39","4.25","1.0","7872"
"Shohei Ohtani","Angels","4","2","0","10","10","51.2","10.97","3.83","1.05",".269","79.9 %","39.2 %","13.0 %","3.31","3.57","3.53","1.0","19755"
"Joey Lucchesi","Padres","8","9","0","26","26","130.0","10.04","2.98","1.59",".306","78.0 %","44.7 %","20.4 %","4.08","4.31","3.45","1.0","19320"
"Kyle Crick","Pirates","3","2","2","64","0","60.1","9.70","3.43","0.45",".268","80.5 %","39.9 %","5.5 %","2.39","3.14","4.00","1.0","13182"
"Dylan Floro","Dodgers","6","3","0","54","0","64.0","8.16","3.23","0.42",".290","83.3 %","55.1 %","6.1 %","2.25","3.08","3.74","1.0","13394"
"Robbie Ray","Diamondbacks","6","2","0","24","24","123.2","12.01","5.09","1.38",".292","80.5 %","39.2 %","17.4 %","3.93","4.31","3.77","1.0","11486"
"Corey Knebel","Brewers","4","3","16","57","0","55.1","14.31","3.58","1.14",".304","75.7 %","47.7 %","20.6 %","3.58","3.03","2.40","1.0","15010"
"Alex Claudio","Brewers","4","2","1","66","1","68.1","5.40","1.71","0.53",".366","71.0 %","60.9 %","10.5 %","4.48","3.42","3.58","1.0","12890"
"Garrett Richards","Padres","5","4","0","16","16","76.1","10.26","4.01","1.30",".277","67.0 %","49.3 %","17.5 %","3.66","4.13","3.62","1.0","9784"
"Alex Colome","White Sox","7","5","12","70","0","68.0","9.53","2.78","0.93",".291","77.9 %","46.2 %","12.7 %","3.04","3.44","3.44","1.0","6661"
"Brent Suter","Brewers","8","7","0","20","18","101.1","7.46","1.69","1.60",".281","70.1 %","33.0 %","15.5 %","4.44","4.49","4.07","0.9","13942"
"Steve Cishek","Cubs","4","3","4","80","0","70.1","9.98","3.58","0.64",".238","84.0 %","47.3 %","8.5 %","2.18","3.45","3.91","0.9","6483"
"Zach Duke","Reds","5","5","0","72","0","52.0","8.83","3.63","0.17",".348","67.8 %","59.4 %","3.2 %","4.15","3.01","3.74","0.9","3840"
"Brett Anderson","Athletics","4","5","0","17","17","80.1","5.27","1.46","1.12",".307","69.2 %","55.6 %","15.2 %","4.48","4.17","3.91","0.9","8223"
"Roenis Elias","Mariners","3","1","0","23","4","51.0","6.00","2.82","0.18",".285","74.7 %","34.2 %","1.5 %","2.65","3.08","4.97","0.9","12673"
"Ryan Yarbrough","Rays","16","6","0","38","6","147.1","7.82","3.05","1.10",".288","74.1 %","38.0 %","11.2 %","3.91","4.19","4.41","0.9","16502"
"Frankie Montas","Athletics","5","4","0","13","11","65.0","5.95","2.91","0.69",".325","70.0 %","43.7 %","7.5 %","3.88","3.90","4.60","0.9","14309"
"Jordan Zimmermann","Tigers","7","8","0","25","25","131.1","7.61","1.78","1.92",".288","71.4 %","35.0 %","15.7 %","4.52","4.88","4.35","0.9","4505"
"Pedro Strop","Cubs","6","1","13","60","0","59.2","8.60","3.17","0.60",".222","83.9 %","46.1 %","7.3 %","2.26","3.43","4.08","0.9","4070"
"Dylan Bundy","Orioles","8","16","0","31","31","171.2","9.65","2.83","2.15",".316","69.3 %","34.0 %","17.8 %","5.45","5.17","4.28","0.9","12917"
"Matt Strahm","Padres","3","4","0","41","5","61.1","10.13","3.08","0.88",".226","86.1 %","34.9 %","9.2 %","2.05","3.36","3.84","0.9","13799"
"Ty Blach","Giants","6","7","0","47","13","118.2","5.69","3.11","0.61",".323","69.0 %","54.0 %","9.1 %","4.25","3.84","4.18","0.9","14361"
"Domingo German","Yankees","2","6","0","21","14","85.2","10.72","3.47","1.58",".300","65.3 %","37.4 %","15.8 %","5.57","4.39","3.94","0.9","17149"
"Steven Matz","Mets","5","11","0","30","30","154.0","8.88","3.39","1.46",".267","74.9 %","48.8 %","16.6 %","3.97","4.62","4.13","0.9","13361"
"Wade Davis","Rockies","3","6","43","69","0","65.1","10.74","3.58","1.10",".238","66.9 %","41.6 %","12.9 %","4.13","3.65","3.63","0.9","7441"
"Michael Wacha","Cardinals","8","2","0","15","15","84.1","7.58","3.84","0.96",".249","75.0 %","43.2 %","13.6 %","3.20","4.22","4.12","0.8","14078"
"Carlos Rodon","White Sox","6","8","0","20","20","120.2","6.71","4.10","1.12",".242","72.0 %","41.5 %","9.9 %","4.18","4.95","5.40","0.8","16137"
"Tyler Glasnow","Rays","2","7","0","45","11","111.2","10.96","4.27","1.21",".285","72.8 %","49.8 %","18.3 %","4.27","4.00","3.47","0.8","14374"
"Eric Lauer","Padres","6","7","0","23","23","112.0","8.04","3.70","1.21",".332","74.7 %","37.6 %","12.7 %","4.34","4.51","4.51","0.8","19316"
"Anthony DeSclafani","Reds","7","8","0","21","21","115.0","8.45","2.35","1.88",".294","70.5 %","41.5 %","19.8 %","4.93","4.83","3.86","0.8","13050"
"Pedro Baez","Dodgers","4","3","0","55","0","56.1","9.91","3.67","0.64",".286","79.2 %","34.7 %","6.3 %","2.88","3.16","4.11","0.8","5420"
"Ken Giles","Blue Jays","0","3","26","55","0","50.1","9.48","1.25","1.07",".331","63.4 %","44.3 %","11.3 %","4.65","3.08","3.27","0.8","12910"
"Victor Arano","Phillies","1","2","3","60","0","59.1","9.10","2.58","0.91",".296","83.3 %","38.8 %","8.8 %","2.73","3.36","3.94","0.7","15915"
"Brad Brach","Cubs","2","4","12","69","0","62.2","8.62","4.02","0.72",".344","73.4 %","46.0 %","8.3 %","3.59","3.67","4.22","0.7","6627"
"Adam Cimber","Indians","3","8","0","70","0","68.1","7.64","2.24","0.66",".318","75.0 %","57.2 %","11.6 %","3.42","3.42","3.51","0.7","15288"
"Julio Teheran","Braves","9","9","0","31","31","175.2","8.30","4.30","1.33",".217","75.6 %","38.0 %","13.5 %","3.94","4.83","4.72","0.7","6797"
"Sam Gaviglio","Blue Jays","3","10","0","26","24","123.2","7.64","2.77","1.53",".313","68.8 %","48.9 %","16.7 %","5.31","4.69","4.16","0.7","12778"
"Yusmeiro Petit","Athletics","7","3","0","74","0","93.0","7.35","1.74","1.26",".241","81.8 %","35.8 %","11.0 %","3.00","3.92","4.20","0.7","4020"
"Lou Trivino","Athletics","8","3","4","69","1","74.0","9.97","3.77","0.97",".256","82.9 %","46.7 %","14.3 %","2.92","3.69","3.53","0.7","15043"
"John Brebbia","Cardinals","3","3","2","45","0","50.2","10.66","2.84","0.89",".297","78.9 %","32.6 %","7.9 %","3.20","3.02","3.79","0.7","12777"
"Chris Stratton","Giants","10","10","0","28","26","145.0","6.95","3.35","1.18",".306","66.9 %","42.6 %","13.1 %","5.09","4.48","4.43","0.7","13761"
"Edgar Santana","Pirates","3","4","0","69","0","66.1","7.33","1.63","0.95",".277","77.0 %","45.8 %","10.1 %","3.26","3.58","3.93","0.7","17355"
"Drew VerHagen","Tigers","3","3","0","41","1","56.1","8.47","3.04","0.96",".263","65.4 %","47.8 %","9.4 %","4.63","3.84","4.33","0.6","13424"
"Tommy Hunter","Phillies","5","4","4","65","0","64.0","7.17","2.11","0.84",".303","73.7 %","52.0 %","9.7 %","3.80","3.63","4.01","0.6","1157"
"Jordan Lyles","Pirates","3","4","0","35","8","87.2","8.62","2.87","1.23",".291","74.1 %","45.6 %","12.8 %","4.11","4.09","4.08","0.6","7593"
"Jake Diekman","Royals","1","2","2","71","0","53.1","11.14","5.23","0.68",".331","65.9 %","47.8 %","9.1 %","4.73","3.74","4.13","0.6","5003"
"Joe Kelly","Dodgers","4","2","2","73","0","65.2","9.32","4.39","0.55",".301","67.9 %","46.9 %","8.0 %","4.39","3.57","4.04","0.6","9761"
"Matt Grace","Nationals","1","1","0","56","0","59.2","7.24","1.96","0.75",".279","76.2 %","48.4 %","8.8 %","2.87","3.40","3.88","0.6","11449"
"Brad Peacock","Astros","3","5","3","61","1","65.0","13.29","2.77","1.52",".317","83.3 %","37.5 %","18.0 %","3.46","3.47","2.82","0.6","5401"
"Justin Wilson","Mets","4","5","0","71","0","54.2","11.36","5.43","0.82",".310","78.9 %","35.1 %","9.4 %","3.46","3.64","4.05","0.6","4301"
"Shane Carle","Braves","4","1","1","53","0","63.0","6.14","3.86","0.29",".258","74.5 %","46.7 %","4.2 %","2.86","3.54","4.39","0.6","15258"
"Andrew Cashner","Orioles","4","15","0","28","28","153.0","5.82","3.82","1.47",".311","70.5 %","40.4 %","13.6 %","5.29","5.32","5.19","0.6","8782"
"Clayton Richard","Blue Jays","7","11","0","27","27","158.2","6.13","3.40","1.08",".289","64.7 %","56.8 %","17.8 %","5.33","4.68","4.24","0.6","3551"
"Aaron Sanchez","Blue Jays","4","6","0","20","20","105.0","7.37","4.97","0.94",".304","70.1 %","49.1 %","10.8 %","4.89","4.74","4.98","0.6","11490"
"Fernando Rodney","Athletics","4","3","25","68","0","64.1","9.79","4.48","0.98",".318","80.3 %","44.4 %","12.3 %","3.36","4.03","4.08","0.5","494"
"Zach Davies","Brewers","2","7","0","13","13","66.0","6.68","2.86","1.09",".298","69.3 %","47.5 %","13.1 %","4.77","4.39","4.34","0.5","13183"
"Sam Dyson","Giants","4","3","3","74","0","70.1","7.17","2.56","0.64",".270","77.8 %","61.3 %","11.1 %","2.69","3.47","3.61","0.5","11710"
"Sergio Romo","Marlins","3","4","25","73","5","67.1","10.02","2.67","1.47",".307","78.2 %","36.4 %","13.6 %","4.14","4.04","3.90","0.5","9817"
"Drew Steckenrider","Marlins","4","4","5","71","0","64.2","10.30","3.76","0.97",".296","74.1 %","33.9 %","9.9 %","3.90","3.62","4.03","0.5","18806"
"Amir Garrett","Reds","1","2","0","66","0","63.0","10.14","3.57","1.14",".306","74.2 %","38.0 %","13.3 %","4.29","3.89","3.81","0.5","14375"
"Jordan Hicks","Cardinals","3","4","6","73","0","77.2","8.11","5.21","0.23",".266","72.3 %","60.7 %","5.0 %","3.59","3.74","4.26","0.5","19618"
"Chad Kuhl","Pirates","5","5","0","16","16","85.0","8.58","3.49","1.48",".311","74.3 %","36.2 %","15.4 %","4.55","4.70","4.33","0.5","14975"
"Justin Anderson","Angels","3","3","4","57","0","55.1","10.90","6.51","0.49",".307","74.6 %","50.8 %","7.7 %","4.07","3.83","4.29","0.5","16201"
"Michael Lorenzen","Reds","4","2","1","45","3","81.0","6.00","3.78","0.67",".291","77.9 %","50.2 %","9.7 %","3.11","4.16","4.46","0.4","14843"
"Hector Velazquez","Red Sox","7","2","0","47","8","85.0","5.61","2.75","0.74",".325","79.0 %","49.8 %","8.8 %","3.18","4.15","4.63","0.4","19341"
"Adam Conley","Marlins","3","4","3","52","0","50.2","8.88","3.20","0.89",".250","63.3 %","44.3 %","10.6 %","4.09","3.60","3.84","0.4","14457"
"Pablo Lopez","Marlins","2","4","0","10","10","58.2","7.06","2.76","1.23",".281","74.9 %","50.0 %","15.7 %","4.14","4.49","4.15","0.4","17085"
"Archie Bradley","Diamondbacks","4","5","3","76","0","71.2","9.42","2.51","1.13",".282","76.3 %","49.2 %","13.8 %","3.64","3.71","3.57","0.4","12918"
"Chase Anderson","Brewers","9","8","0","30","30","158.0","7.29","3.25","1.71",".239","81.1 %","34.5 %","15.4 %","3.93","5.22","4.79","0.4","6895"
"Robert Gsellman","Mets","6","3","13","68","0","80.0","7.88","3.15","0.90",".291","66.5 %","49.4 %","10.5 %","4.28","3.95","4.22","0.4","13696"
"Raisel Iglesias","Reds","2","5","30","66","0","72.0","10.00","3.13","1.50",".233","91.6 %","38.5 %","18.8 %","2.38","4.23","3.53","0.4","17130"
"T.J. McFarland","Diamondbacks","2","2","1","47","0","72.0","5.25","2.75","0.50",".268","84.6 %","67.9 %","10.5 %","2.00","3.63","3.78","0.3","3237"
"Tyler Mahle","Reds","7","9","0","23","23","112.0","8.84","4.26","1.77",".323","75.2 %","38.7 %","18.5 %","4.98","5.25","4.45","0.3","16358"
"Yoshihisa Hirano","Diamondbacks","4","3","3","75","0","66.1","8.01","3.12","0.81",".250","79.3 %","50.3 %","10.0 %","2.44","3.69","4.01","0.3","19756"
"Marco Estrada","Athletics","7","14","0","28","28","143.2","6.45","3.13","1.82",".284","69.7 %","24.0 %","11.2 %","5.64","5.44","5.79","0.3","1118"
"Scott Alexander","Dodgers","2","1","3","73","1","66.0","7.64","3.68","0.55",".296","72.1 %","70.9 %","19.0 %","3.68","3.57","3.31","0.3","10591"
"Chad Bettis","Rockies","5","2","0","27","20","120.1","5.98","3.52","1.35",".280","68.3 %","49.1 %","15.1 %","5.01","5.07","4.76","0.3","10587"
"Ryan Tepera","Blue Jays","5","5","7","68","0","64.2","9.46","3.34","1.25",".291","79.6 %","44.0 %","13.8 %","3.62","4.17","4.02","0.3","10291"
"Kenley Jansen","Dodgers","1","5","38","69","0","71.2","10.30","2.13","1.63",".234","82.1 %","35.3 %","15.9 %","3.01","4.03","3.56","0.3","3096"
"Mike Mayers","Cardinals","2","1","1","50","0","51.2","8.54","2.61","1.22",".338","72.1 %","42.4 %","12.7 %","4.70","3.95","3.95","0.3","15451"
"Taylor Williams","Brewers","1","3","0","56","0","53.0","9.68","4.25","1.02",".320","72.2 %","36.5 %","11.5 %","4.25","3.95","4.10","0.3","14899"
"Brian Johnson","Red Sox","4","5","0","38","13","99.1","7.88","3.44","1.45",".301","77.9 %","37.3 %","12.2 %","4.17","4.68","4.77","0.3","14272"
"Adam Warren","Padres","3","2","0","47","0","51.2","9.06","3.48","1.05",".294","84.4 %","37.6 %","10.2 %","3.14","3.94","4.31","0.3","9029"
"Chaz Roe","Rays","1","3","1","61","0","50.1","9.48","2.86","1.07",".242","75.1 %","47.6 %","14.6 %","3.58","4.04","3.83","0.3","9866"
"Cam Bedrosian","Angels","5","4","1","71","0","64.0","8.02","3.66","0.98",".313","75.1 %","47.3 %","12.1 %","3.80","4.11","4.19","0.3","13360"
"Kevin McCarthy","Royals","5","4","0","65","0","72.0","5.75","2.50","0.88",".289","77.9 %","64.3 %","19.4 %","3.25","4.06","3.63","0.2","15240"
"Jesse Biddle","Braves","6","1","1","60","0","63.2","9.47","4.38","0.85",".277","76.7 %","55.6 %","17.1 %","3.11","3.88","3.57","0.2","11437"
"Jorge Lopez","Royals","2","5","0","17","7","53.2","6.37","3.69","1.01",".305","69.8 %","45.3 %","10.9 %","5.03","4.48","4.72","0.2","14527"
"Brandon Kintzler","Cubs","3","3","2","70","0","60.2","6.38","3.26","0.74",".328","72.1 %","49.7 %","9.3 %","4.60","4.10","4.50","0.2","9939"
"Johnny Cueto","Giants","3","2","0","9","9","53.0","6.45","2.21","1.36",".253","85.2 %","43.5 %","14.0 %","3.23","4.71","4.52","0.2","6893"
"Felix Hernandez","Mariners","8","14","0","29","28","155.2","7.23","3.41","1.56",".286","64.0 %","46.9 %","16.6 %","5.55","5.18","4.65","0.2","4772"
"Jason Vargas","Mets","7","9","0","20","20","92.0","8.22","2.93","1.76",".307","68.3 %","39.4 %","16.7 %","5.77","5.02","4.42","0.2","8044"
"Alex Wilson","Brewers","2","4","0","59","0","61.2","6.28","2.19","1.17",".237","77.1 %","49.2 %","14.3 %","3.36","4.28","4.09","0.2","9239"
"Matt Moore","Tigers","3","8","0","39","12","102.0","7.59","3.62","1.68",".341","62.4 %","37.7 %","13.8 %","6.79","5.25","5.06","0.2","1890"
"Eric Skoglund","Royals","1","6","0","14","13","70.0","6.30","2.44","1.54",".261","67.4 %","42.1 %","14.0 %","5.14","5.06","4.86","0.2","16155"
"Steven Wright","Red Sox","3","1","1","20","4","53.2","7.04","4.36","0.84",".243","83.9 %","51.3 %","10.2 %","2.68","4.37","4.67","0.2","8185"
"Cory Gearrin","Mariners","2","1","1","62","0","57.1","8.32","3.30","1.10",".304","80.6 %","41.5 %","12.5 %","3.77","4.31","4.34","0.1","7947"
"Heath Hembree","Red Sox","4","1","0","67","0","60.0","11.40","4.05","1.50",".295","76.1 %","39.4 %","15.6 %","4.20","4.19","3.79","0.1","11632"
"Dan Straily","Marlins","5","6","0","23","23","122.1","7.28","3.83","1.47",".256","75.4 %","32.1 %","13.5 %","4.12","5.11","4.99","0.1","9460"
"Buck Farmer","Tigers","3","4","0","66","1","69.1","7.40","5.32","0.78",".300","74.6 %","40.4 %","7.8 %","4.15","4.46","5.17","0.1","14814"
"Brian Flynn","Royals","3","5","1","48","0","75.2","5.59","4.16","0.59",".333","74.6 %","49.8 %","6.9 %","4.04","4.28","5.00","0.1","12027"
"Mike Wright","Orioles","4","2","0","48","2","84.1","7.90","3.84","1.28",".344","70.0 %","35.4 %","12.6 %","5.55","4.79","4.80","0.0","12586"
"Blake Parker","Twins","2","1","14","67","0","66.1","9.50","2.58","1.63",".297","89.4 %","33.7 %","15.0 %","3.26","4.40","4.04","0.0","5224"
"Matt Andriese","Diamondbacks","3","7","0","41","5","78.2","8.92","2.86","1.72",".314","66.7 %","48.7 %","21.1 %","5.26","4.69","3.70","0.0","12022"
"David Hess","Orioles","3","10","0","21","19","103.1","6.45","3.22","1.92",".268","72.4 %","34.5 %","14.2 %","4.88","5.80","5.51","0.0","16130"
"Trevor Hildenberger","Twins","4","6","7","73","0","73.0","8.63","3.21","1.48",".301","66.1 %","46.3 %","19.4 %","5.42","4.53","3.80","0.0","17002"
"Martin Perez","Twins","2","7","0","22","15","85.1","5.48","3.80","1.69",".344","65.4 %","50.8 %","18.2 %","6.22","5.72","4.98","0.0","6902"
"Jalen Beeks","Rays","5","1","0","14","1","50.2","7.46","4.26","1.07",".311","68.0 %","47.4 %","12.5 %","5.51","4.64","4.67","-0.1","17192"
"Lucas Giolito","White Sox","10","13","0","32","32","173.1","6.49","4.67","1.40",".268","63.5 %","44.4 %","13.4 %","6.13","5.56","5.46","-0.1","15474"
"Justin Miller","Nationals","7","1","2","51","0","52.1","10.32","2.92","1.72",".254","83.0 %","33.6 %","13.9 %","3.61","4.44","4.23","-0.1","8580"
"Shane Greene","Tigers","4","6","32","66","0","63.1","9.24","2.70","1.71",".311","69.7 %","40.7 %","16.4 %","5.12","4.61","4.05","-0.1","10756"
"Cody Allen","Angels","4","6","27","70","0","67.0","10.75","4.43","1.48",".292","75.4 %","30.0 %","12.8 %","4.70","4.56","4.55","-0.1","12183"
"Chris Rusin","Rockies","2","3","0","49","0","54.2","7.74","4.28","1.15",".308","56.6 %","56.2 %","16.7 %","6.09","4.64","4.25","-0.1","9895"
"Nick Tropeano","Angels","5","6","0","14","14","76.0","7.58","3.67","1.89",".256","76.3 %","37.0 %","18.0 %","4.74","5.52","4.71","-0.1","12385"
"Noe Ramirez","Angels","7","5","1","69","1","83.1","10.26","3.24","1.62",".290","75.6 %","43.4 %","18.1 %","4.54","4.52","3.82","-0.1","12800"
"Tayron Guerrero","Marlins","1","3","0","60","0","58.0","10.55","4.66","1.24",".352","66.4 %","44.6 %","15.1 %","5.43","4.32","4.03","-0.1","11691"
"Emilio Pagan","Rays","3","1","0","55","0","62.0","9.15","2.76","1.89",".256","79.9 %","26.9 %","13.5 %","4.35","4.92","4.75","-0.1","14771"
"Hansel Robles","Angels","2","3","2","53","0","56.0","9.48","4.02","1.45",".299","80.1 %","34.6 %","14.3 %","3.70","4.59","4.36","-0.1","11801"
"Addison Reed","Twins","1","6","0","55","0","56.0","7.07","2.41","1.77",".320","78.4 %","31.6 %","13.1 %","4.50","5.11","5.03","-0.2","10586"
"Jake McGee","Rockies","2","4","1","61","0","51.1","8.24","2.81","1.75",".322","60.3 %","40.0 %","15.9 %","6.49","4.91","4.41","-0.2","7550"
"Matt Magill","Twins","3","3","0","40","0","56.2","8.89","3.65","1.75",".301","87.5 %","34.9 %","15.3 %","3.81","5.08","4.66","-0.2","3950"
"Miguel Castro","Orioles","2","7","0","63","1","86.1","5.94","5.21","0.94",".259","75.8 %","49.0 %","10.6 %","3.96","5.11","5.38","-0.3","15684"
"Dan Otero","Indians","2","1","1","61","0","58.2","6.60","0.77","1.84",".310","68.1 %","58.7 %","31.6 %","5.22","4.76","3.17","-0.3","7385"
"Bryan Shaw","Rockies","4","6","0","61","0","54.2","8.89","4.61","1.48",".370","64.8 %","48.5 %","17.3 %","5.93","4.92","4.35","-0.3","8110"
"Steven Brault","Pirates","6","3","0","45","5","91.2","8.05","5.60","0.98",".289","72.6 %","48.1 %","11.9 %","4.61","4.92","5.01","-0.3","15291"
"Nick Kingham","Pirates","5","7","0","18","15","76.0","8.17","3.08","2.13",".272","70.8 %","38.2 %","18.9 %","5.21","5.65","4.63","-0.3","11694"
"Brad Boxberger","Royals","3","7","32","60","0","53.1","11.98","5.40","1.52",".287","73.0 %","46.1 %","18.4 %","4.39","4.55","3.87","-0.3","10133"
"Chasen Bradford","Mariners","5","0","0","46","0","53.2","6.37","2.35","1.51",".279","83.1 %","46.6 %","14.3 %","3.69","4.99","4.75","-0.4","12452"
"Drew Pomeranz","Giants","2","6","0","26","11","74.0","8.03","5.35","1.46",".344","69.4 %","37.1 %","13.5 %","6.08","5.43","5.31","-0.4","11426"
"Tyler Chatwood","Cubs","4","6","0","24","20","103.2","7.38","8.25","0.78",".286","72.8 %","54.1 %","11.1 %","5.30","5.60","5.76","-0.4","4338"
"Bryan Mitchell","Padres","2","4","0","16","11","73.0","4.68","5.30","1.48",".302","75.1 %","47.8 %","17.4 %","5.42","6.11","5.53","-0.5","11479"
"Kyle Barraclough","Nationals","1","6","10","61","0","55.2","9.70","5.50","1.29",".232","76.7 %","45.5 %","16.3 %","4.20","4.98","4.56","-0.6","13713"
"Joe Biagini","Blue Jays","4","7","0","50","4","72.0","6.63","3.00","1.75",".355","71.4 %","47.9 %","18.2 %","6.00","5.47","4.71","-0.6","13194"
"Matt Koch","Diamondbacks","5","5","0","19","14","86.2","5.19","2.28","1.97",".262","81.7 %","44.4 %","20.4 %","4.15","5.83","4.75","-0.7","13420"
